{
  "version": "v3_optimized",
  "model": "v2",
  "total_trades": 3347,
  "avg_return": 0.006105658244425739,
  "win_rate": 0.48789961159247086,
  "annual_return_gross": 0.37235590329719126,
  "annual_cost": 0.1352,
  "annual_return_net": 0.23715590329719127,
  "avg_holding_days": 6.328353749626531,
  "features": [
    "strict_holding_5d",
    "ma20_ma60_filter",
    "trailing_stop_8pct",
    "top15_keep"
  ]
}